subject,label,n_frames,drop_rate,duration_s
01,non_drowsy,5400,0.00037037037037035425,539.9
01,drowsy,5400,0.0,539.9
02,non_drowsy,5400,0.0,539.9
02,drowsy,5400,0.0,539.9
03,non_drowsy,6000,0.0,599.9
03,drowsy,5400,0.0,539.9
04,non_drowsy,7182,0.0,718.1
04,drowsy,7197,0.0,719.6
05,non_drowsy,5400,0.0,539.9
05,drowsy,5400,0.0,539.9
06,non_drowsy,7116,0.0009836987071388803,711.5
06,drowsy,4200,0.0,419.9
07,non_drowsy,5400,0.0,539.9
07,drowsy,5400,0.0,539.9
08,non_drowsy,5400,0.00018518518518517713,539.9
08,drowsy,5400,0.002962962962962945,539.9
09,non_drowsy,5400,0.0,539.9
09,drowsy,6000,0.0001666666666666483,599.9
10,non_drowsy,4800,0.0,479.9
10,drowsy,5400,0.0,539.9
11,non_drowsy,5400,0.0,539.9
11,drowsy,4800,0.0,479.9
12,non_drowsy,4800,0.0,479.9
12,drowsy,4200,0.002619047619047632,419.9
13,non_drowsy,5400,0.0,539.9
13,drowsy,5400,0.0,539.9
14,non_drowsy,5400,0.0,539.9
14,drowsy,5400,0.0,539.9
15,non_drowsy,6000,0.0010000000000000009,599.9
15,drowsy,5400,0.07759259259259255,539.9
16,non_drowsy,4800,0.0,479.9
16,drowsy,6600,0.0,659.9
17,non_drowsy,5400,0.0,539.9
17,drowsy,5400,0.0,539.9
18,non_drowsy,5400,0.0,539.9
18,drowsy,7196,0.0,719.5
19,non_drowsy,5400,0.0,539.9
19,drowsy,5400,0.0,539.9
20,non_drowsy,6000,0.0011666666666666492,599.9
20,drowsy,6600,0.002272727272727315,659.9
21,non_drowsy,5400,0.0,539.9
21,drowsy,5400,0.0,539.9
22,non_drowsy,5400,0.0,539.9
22,drowsy,5400,0.0,539.9
23,non_drowsy,5400,0.00592592592592589,539.9
23,drowsy,5400,0.004074074074074119,539.9
24,non_drowsy,10200,0.0,1019.9
24,drowsy,10800,0.0,1079.9
25,non_drowsy,5400,0.0,539.9
25,drowsy,5400,0.0009259259259258856,539.9
26,non_drowsy,5400,0.0,539.9
26,drowsy,6553,0.0028994353731115474,655.2
27,non_drowsy,6000,0.0008333333333333526,599.9
27,drowsy,5400,0.0,539.9
28,non_drowsy,5400,0.0,539.9
28,drowsy,6600,0.0,659.9
29,non_drowsy,5985,0.0,598.4
29,drowsy,4800,0.0,479.9
30,non_drowsy,6000,0.0,599.9
30,drowsy,5400,0.0,539.9
31,non_drowsy,7800,0.0,779.9
31,drowsy,7200,0.0,719.9
32,non_drowsy,10200,0.0,1019.9
32,drowsy,3600,0.0,359.9
33,non_drowsy,5400,0.0,539.9
33,drowsy,4800,0.006041666666666612,479.9
34,non_drowsy,5400,0.0,539.9
34,drowsy,5400,0.0,539.9
35,non_drowsy,5400,0.0033333333333332993,539.9
35,drowsy,6000,0.0,599.9
36,non_drowsy,5400,0.0,539.9
36,drowsy,5400,0.0,539.9
37,non_drowsy,6000,0.0,599.9
37,drowsy,6000,0.008000000000000007,599.9
38,non_drowsy,5400,0.0,539.9
38,drowsy,5400,0.0,539.9
39,non_drowsy,6000,0.0,599.9
39,drowsy,5400,0.00018518518518517713,539.9
40,non_drowsy,5400,0.0,539.9
40,drowsy,5400,0.0,539.9
41,non_drowsy,5400,0.0,539.9
41,drowsy,9000,0.0,899.9
42,non_drowsy,600,0.0,59.9
43,non_drowsy,5400,0.0,539.9
43,drowsy,5400,0.001481481481481528,539.9
44,non_drowsy,6600,0.0,659.9
44,drowsy,6600,0.00060606060606061,659.9
45,non_drowsy,7200,0.0001388888888889106,719.9
45,drowsy,8400,0.0,839.9
46,non_drowsy,5400,0.0,539.9
46,drowsy,5400,0.0,539.9
47,non_drowsy,5400,0.0,539.9
47,drowsy,5400,0.0,539.9
48,non_drowsy,5400,0.0,539.9
48,drowsy,5400,0.0,539.9
49,non_drowsy,5400,0.0,539.9
49,drowsy,2400,0.0,239.9
50,non_drowsy,5400,0.0,539.9
50,drowsy,6000,0.0,599.9
51,non_drowsy,5400,0.0,539.9
51,drowsy,5400,0.0,539.9
52,non_drowsy,5400,0.0,539.9
52,drowsy,5400,0.0,539.9
53,non_drowsy,5400,0.0,539.9
53,drowsy,5400,0.0,539.9
54,non_drowsy,5970,0.0,596.9
54,drowsy,5916,0.0,591.5
55,non_drowsy,6600,0.0,659.9
55,drowsy,7764,0.003606388459556964,776.3
56,non_drowsy,5400,0.0,539.9
56,drowsy,5400,0.0,539.9
57,non_drowsy,5913,0.0,591.2
57,drowsy,5400,0.0,539.9
58,non_drowsy,5400,0.00037037037037035425,539.9
58,drowsy,5400,0.004444444444444473,539.9
59,non_drowsy,5400,0.0,539.9
59,drowsy,5400,0.0,539.9
60,non_drowsy,5400,0.0016666666666667052,539.9
60,drowsy,5400,0.0,539.9
