signal,budget,fa_per_h,hit_0,lead_0,early_0,hit_120,lead_120,early_120,hit_300,lead_300,early_300,hit_600,lead_600,early_600
reactive,1.0,1.978516112915314,0.2937853107344633,-50.0,0.0,0.3615819209039548,-60.0,0.02824858757062147,0.4152542372881356,-85.0,0.06779661016949153,0.4435028248587571,-55.0,0.1384180790960452
reactive,3.0,4.136897327004747,0.5084745762711864,-35.0,0.0,0.5790960451977402,-45.0,0.07909604519774012,0.5790960451977402,-35.0,0.1751412429378531,0.6186440677966102,-10.0,0.2853107344632768
reactive,6.0,6.65500874344242,0.7062146892655368,-30.0,0.0,0.7598870056497176,-35.0,0.14124293785310735,0.7711864406779662,-20.0,0.3248587570621469,0.8220338983050848,20.0,0.4406779661016949
trend,1.0,4.4966275293529865,0.6779661016949152,-40.0,0.0,0.7429378531073446,-40.0,0.07344632768361582,0.7768361581920904,-30.0,0.2598870056497175,0.8220338983050848,20.0,0.4406779661016949
trend,3.0,5.036222832875345,0.6892655367231638,-40.0,0.0,0.751412429378531,-40.0,0.07062146892655367,0.7796610169491526,-30.0,0.2711864406779661,0.827683615819209,20.0,0.4548022598870056
trend,6.0,6.295278541094181,0.7457627118644068,-40.0,0.0,0.788135593220339,-40.0,0.10451977401129943,0.8107344632768362,-20.0,0.3220338983050847,0.847457627118644,30.0,0.4858757062146893
fc30,1.0,0.8993255058705972,0.15819209039548024,-40.0,0.0,0.1694915254237288,-30.0,0.03954802259887006,0.192090395480226,-10.0,0.08757062146892655,0.1751412429378531,45.0,0.11581920903954802
fc30,3.0,3.4174369223082697,0.6610169491525424,-25.0,0.0,0.6864406779661016,-25.0,0.1694915254237288,0.7627118644067796,-7.5,0.3502824858757062,0.788135593220339,45.0,0.4689265536723164
fc30,6.0,5.755683237571822,0.7005649717514124,-25.0,0.0,0.7768361581920904,-25.0,0.211864406779661,0.844632768361582,5.0,0.4322033898305085,0.8870056497175142,70.0,0.5649717514124294
fc60,1.0,1.4389208093929555,0.4689265536723164,-45.0,0.0,0.4887005649717514,-50.0,0.03672316384180791,0.5310734463276836,-45.0,0.11581920903954802,0.5621468926553672,-50.0,0.192090395480226
fc60,3.0,2.877841618785911,0.5480225988700564,-45.0,0.0,0.5451977401129944,-50.0,0.05367231638418079,0.6242937853107344,-40.0,0.16666666666666666,0.6440677966101694,-40.0,0.2457627118644068
fc60,6.0,5.755683237571822,0.5932203389830508,-45.0,0.0,0.6214689265536724,-50.0,0.07627118644067797,0.692090395480226,-40.0,0.2062146892655367,0.7401129943502824,-35.0,0.3050847457627119
step_now,1.0,0.0,0.0,,0.0,0.0,,0.0,0.0,,0.0,0.0,,0.0
step_now,3.0,3.597302023482389,0.7005649717514124,-35.0,0.0,0.7768361581920904,-35.0,0.1327683615819209,0.8163841807909604,-5.0,0.3672316384180791,0.8559322033898306,50.0,0.5423728813559322
step_now,6.0,5.395953035223584,0.7853107344632768,-30.0,0.0,0.8757062146892656,-25.0,0.2175141242937853,0.8898305084745762,5.0,0.4774011299435028,0.9209039548022598,95.0,0.6638418079096046
fused_mean,1.0,1.7986510117411945,0.5819209039548022,-40.0,0.0,0.615819209039548,-40.0,0.05084745762711865,0.6581920903954802,-35.0,0.1751412429378531,0.7146892655367232,-15.0,0.3050847457627119
fused_mean,3.0,3.957032225830628,0.6892655367231638,-30.0,0.0,0.7259887005649718,-35.0,0.1271186440677966,0.748587570621469,-20.0,0.2824858757062147,0.8022598870056498,17.5,0.4293785310734463
fused_mean,6.0,7.014738945790659,0.7627118644067796,-30.0,0.0,0.8192090395480226,-30.0,0.1638418079096045,0.844632768361582,-10.0,0.3728813559322034,0.867231638418079,40.0,0.5056497175141242
fused_max,1.0,4.4966275293529865,0.6779661016949152,-40.0,0.0,0.7429378531073446,-40.0,0.07344632768361582,0.7768361581920904,-30.0,0.2598870056497175,0.8220338983050848,20.0,0.4406779661016949
fused_max,3.0,5.036222832875345,0.7005649717514124,-40.0,0.0,0.7598870056497176,-40.0,0.0847457627118644,0.7796610169491526,-27.5,0.2740112994350282,0.827683615819209,25.0,0.4548022598870056
fused_max,6.0,6.4751436422683,0.7457627118644068,-35.0,0.0,0.7966101694915254,-35.0,0.1384180790960452,0.8135593220338984,-5.0,0.3672316384180791,0.8531073446327684,40.0,0.5112994350282486
fused_rf,1.0,1.0791906070447168,0.5536723163841808,-30.0,0.0,0.5875706214689266,-40.0,0.07627118644067797,0.6468926553672316,-35.0,0.1864406779661017,0.6751412429378532,-5.0,0.3192090395480226
fused_rf,3.0,3.23757182113415,0.655367231638418,-25.0,0.0,0.7005649717514124,-30.0,0.12429378531073447,0.7542372881355932,-10.0,0.3305084745762712,0.7824858757062146,35.0,0.4548022598870056
fused_rf,6.0,6.1154134399200615,0.7627118644067796,-25.0,0.0,0.8135593220338984,-25.0,0.21468926553672316,0.8502824858757062,0.0,0.4180790960451977,0.8926553672316384,57.5,0.556497175141243
