model,calib_s,acc_mean,acc_std,f1_mean,f1_std,auc_mean,auc_std,video_acc_mean,video_acc_std
xgboost,30,0.7575,0.0,0.78,0.0,0.836,0.0,0.8559,0.0
cnn,30,0.7508,0.0008,0.7564,0.0006,0.8228,0.0113,0.8136,0.0224
gru,30,0.7797,0.0065,0.7931,0.0052,0.8482,0.0137,0.8249,0.0049
lstm,30,0.7228,0.0192,0.7308,0.016,0.7855,0.0161,0.7938,0.0259
avg_ensemble,30,0.8002,0.0044,0.8113,0.004,0.8813,0.0038,0.8588,0.0049
stacked_ensemble,30,0.796,0.0028,0.8136,0.0028,0.8728,0.0049,0.8644,0.0
xgboost,60,0.7527,0.0,0.7795,0.0,0.8408,0.0,0.8644,0.0
cnn,60,0.7454,0.0121,0.7486,0.0126,0.8114,0.0148,0.8051,0.0169
gru,60,0.7878,0.0071,0.8028,0.008,0.8581,0.0112,0.8588,0.0098
lstm,60,0.7355,0.0054,0.7413,0.0051,0.7999,0.0079,0.822,0.0169
avg_ensemble,60,0.7999,0.007,0.8092,0.0066,0.8815,0.0065,0.8927,0.0129
stacked_ensemble,60,0.7988,0.0096,0.8156,0.0077,0.8733,0.0106,0.8955,0.0196
xgboost,120,0.781,0.0,0.7996,0.0,0.8665,0.0,0.8898,0.0
cnn,120,0.7345,0.0041,0.7409,0.0052,0.8003,0.007,0.7966,0.0169
gru,120,0.7886,0.006,0.7979,0.0047,0.8504,0.0087,0.8446,0.0049
lstm,120,0.7585,0.0088,0.7658,0.0122,0.8174,0.013,0.8164,0.0176
avg_ensemble,120,0.8008,0.0016,0.8094,0.0016,0.8807,0.0028,0.8531,0.0049
stacked_ensemble,120,0.8128,0.0058,0.8285,0.0055,0.8803,0.0016,0.887,0.0049
